State,Year,CO2 Emissions by million metric tons,US Total,State Total Year,State Total Emissions Count
Alabama,1970,39.24,US Total 1970,1970,"1,321.59"
Alabama,1971,36.62,US Total 1971,1971,"1,274.84"
Alabama,1972,38.64,US Total 1972,1972,"1,315.51"
Alabama,1973,37.39,US Total 1973,1973,"1,372.81"
Alabama,1974,36.75,US Total 1974,1974,"1,305.91"
Alabama,1975,36.91,US Total 1975,1975,"1,192.10"
Alabama,1976,34.6,US Total 1976,1976,"1,249.16"
Alabama,1977,34.17,US Total 1977,1977,"1,266.24"
Alabama,1978,32.46,US Total 1978,1978,"1,242.78"
Alabama,1979,37.27,US Total 1979,1979,"1,284.99"
Alabama,1980,31.46,US Total 1980,1980,"1,172.21"
Alabama,1981,29.09,US Total 1981,1981,"1,096.01"
Alabama,1982,25.98,US Total 1982,1982,965.16
Alabama,1983,21.73,US Total 1983,1983,923.24
Alabama,1984,25.06,US Total 1984,1984,"1,016.70"
Alabama,1985,23.07,US Total 1985,1985,971.38
Alabama,1986,21.9,US Total 1986,1986,947.18
Alabama,1987,23.61,US Total 1987,1987,978.27
Alabama,1988,26.06,US Total 1988,1988,"1,031.01"
Alabama,1989,24.64,US Total 1989,1989,"1,031.74"
Alabama,1990,24.65,US Total 1990,1990,"1,055.52"
Alabama,1991,24.87,US Total 1991,1991,"1,022.25"
Alabama,1992,27.89,US Total 1992,1992,"1,070.47"
Alabama,1993,26.48,US Total 1993,1993,"1,062.32"
Alabama,1994,27.39,US Total 1994,1994,"1,076.32"
Alabama,1995,28.09,US Total 1995,1995,"1,087.69"
Alabama,1996,29.03,US Total 1996,1996,"1,125.97"
Alabama,1997,28.25,US Total 1997,1997,"1,129.09"
Alabama,1998,25.75,US Total 1998,1998,"1,088.94"
Alabama,1999,25.91,US Total 1999,1999,"1,071.37"
Alabama,2000,25.29,US Total 2000,2000,"1,065.49"
Alabama,2001,21.58,US Total 2001,2001,"1,043.81"
Alabama,2002,21.42,US Total 2002,2002,"1,026.49"
Alabama,2003,22.78,US Total 2003,2003,"1,020.67"
Alabama,2004,23.23,US Total 2004,2004,"1,050.76"
Alabama,2005,21.84,US Total 2005,2005,"1,008.15"
Alabama,2006,21.15,US Total 2006,2006,"1,011.11"
Alabama,2007,20.49,US Total 2007,2007,"1,002.14"
Alabama,2008,20.11,US Total 2008,2008,966.84
Alabama,2009,16.43,US Total 2009,2009,854.37
Alabama,2010,17.82,US Total 2010,2010,921.41
Alabama,2011,18.19,US Total 2011,2011,924.61
Alabama,2012,20.23,US Total 2012,2012,936.52
Alabama,2013,20.31,US Total 2013,2013,958.15
Alabama,2014,21.38,US Total 2014,2014,969.19
Alabama,2015,20.21,US Total 2015,2015,950.5
Alabama,2016,20.28,US Total 2016,2016,948.61
Alabama,2017,20.08,US Total 2017,2017,967.85
Alabama,2018,20.94,US Total 2018,2018,"1,004.82"
Alabama,2019,19.67,US Total 2019,2019,"1,006.64"
Alabama,2020,18.13,US Total 2020,2020,949.06
Alabama,2021,19.64,US Total 2021,2021,980.18
Alaska,1970,2.9,,,
Alaska,1971,3.07,,,
Alaska,1972,3.56,,,
Alaska,1973,3.52,,,
Alaska,1974,3.27,,,
Alaska,1975,4.33,,,
Alaska,1976,4.78,,,
Alaska,1977,5.99,,,
Alaska,1978,6.96,,,
Alaska,1979,6.84,,,
Alaska,1980,6.47,,,
Alaska,1981,4.73,,,
Alaska,1982,10.64,,,
Alaska,1983,11.41,,,
Alaska,1984,11.96,,,
Alaska,1985,11.79,,,
Alaska,1986,11.74,,,
Alaska,1987,12.17,,,
Alaska,1988,14.22,,,
Alaska,1989,15.4,,,
Alaska,1990,15.49,,,
Alaska,1991,17.03,,,
Alaska,1992,18.46,,,
Alaska,1993,18.1,,,
Alaska,1994,17.7,,,
Alaska,1995,21.02,,,
Alaska,1996,22.1,,,
Alaska,1997,20.77,,,
Alaska,1998,21.28,,,
Alaska,1999,20.28,,,
Alaska,2000,20.23,,,
Alaska,2001,20.27,,,
Alaska,2002,20.74,,,
Alaska,2003,20.52,,,
Alaska,2004,19.85,,,
Alaska,2005,21.33,,,
Alaska,2006,18.19,,,
Alaska,2007,18.3,,,
Alaska,2008,16.19,,,
Alaska,2009,16.48,,,
Alaska,2010,15.91,,,
Alaska,2011,16.1,,,
Alaska,2012,16.54,,,
Alaska,2013,16.46,,,
Alaska,2014,16.15,,,
Alaska,2015,16.16,,,
Alaska,2016,16.04,,,
Alaska,2017,15.98,,,
Alaska,2018,16.5,,,
Alaska,2019,16.22,,,
Alaska,2020,17.59,,,
Alaska,2021,18.39,,,
Arizona,1970,4,,,
Arizona,1971,4.33,,,
Arizona,1972,4.9,,,
Arizona,1973,5.47,,,
Arizona,1974,5.38,,,
Arizona,1975,4.68,,,
Arizona,1976,5.45,,,
Arizona,1977,6.85,,,
Arizona,1978,6.26,,,
Arizona,1979,8.02,,,
Arizona,1980,5.19,,,
Arizona,1981,6.42,,,
Arizona,1982,5.69,,,
Arizona,1983,5.59,,,
Arizona,1984,6.37,,,
Arizona,1985,5.62,,,
Arizona,1986,6.36,,,
Arizona,1987,3.38,,,
Arizona,1988,3.59,,,
Arizona,1989,4.15,,,
Arizona,1990,3.79,,,
Arizona,1991,3.84,,,
Arizona,1992,3.85,,,
Arizona,1993,3.86,,,
Arizona,1994,4.25,,,
Arizona,1995,4.59,,,
Arizona,1996,4.74,,,
Arizona,1997,4.85,,,
Arizona,1998,4.56,,,
Arizona,1999,4.66,,,
Arizona,2000,4.66,,,
Arizona,2001,4.79,,,
Arizona,2002,4.25,,,
Arizona,2003,4.02,,,
Arizona,2004,4.53,,,
Arizona,2005,5,,,
Arizona,2006,5.04,,,
Arizona,2007,4.84,,,
Arizona,2008,5.38,,,
Arizona,2009,4.19,,,
Arizona,2010,4.61,,,
Arizona,2011,4.96,,,
Arizona,2012,4.86,,,
Arizona,2013,4.51,,,
Arizona,2014,4.39,,,
Arizona,2015,4.25,,,
Arizona,2016,4.45,,,
Arizona,2017,4.81,,,
Arizona,2018,4.52,,,
Arizona,2019,4.64,,,
Arizona,2020,4.7,,,
Arizona,2021,4.63,,,
Arkansas,1970,11.18,,,
Arkansas,1971,10.69,,,
Arkansas,1972,10.95,,,
Arkansas,1973,13.34,,,
Arkansas,1974,12.69,,,
Arkansas,1975,11.32,,,
Arkansas,1976,11.96,,,
Arkansas,1977,12.23,,,
Arkansas,1978,11.65,,,
Arkansas,1979,12.45,,,
Arkansas,1980,10.4,,,
Arkansas,1981,11.4,,,
Arkansas,1982,10.27,,,
Arkansas,1983,9.26,,,
Arkansas,1984,9,,,
Arkansas,1985,9.35,,,
Arkansas,1986,8.87,,,
Arkansas,1987,6.33,,,
Arkansas,1988,8.91,,,
Arkansas,1989,9.82,,,
Arkansas,1990,9.08,,,
Arkansas,1991,7.82,,,
Arkansas,1992,9.32,,,
Arkansas,1993,9.41,,,
Arkansas,1994,10.2,,,
Arkansas,1995,11.13,,,
Arkansas,1996,10.81,,,
Arkansas,1997,11.18,,,
Arkansas,1998,11.01,,,
Arkansas,1999,10.53,,,
Arkansas,2000,10.68,,,
Arkansas,2001,10.75,,,
Arkansas,2002,10.28,,,
Arkansas,2003,10.4,,,
Arkansas,2004,10.13,,,
Arkansas,2005,9.81,,,
Arkansas,2006,9.9,,,
Arkansas,2007,9.69,,,
Arkansas,2008,10.29,,,
Arkansas,2009,7.79,,,
Arkansas,2010,8.77,,,
Arkansas,2011,8.67,,,
Arkansas,2012,8.29,,,
Arkansas,2013,8.83,,,
Arkansas,2014,8.67,,,
Arkansas,2015,7.84,,,
Arkansas,2016,7.82,,,
Arkansas,2017,8.09,,,
Arkansas,2018,8.62,,,
Arkansas,2019,8.53,,,
Arkansas,2020,8.37,,,
Arkansas,2021,8.28,,,
California,1970,68.15,,,
California,1971,66.03,,,
California,1972,67.08,,,
California,1973,72.85,,,
California,1974,70.78,,,
California,1975,66.77,,,
California,1976,67.42,,,
California,1977,70.11,,,
California,1978,63.79,,,
California,1979,69.09,,,
California,1980,65.28,,,
California,1981,58.59,,,
California,1982,52.73,,,
California,1983,56.64,,,
California,1984,69.18,,,
California,1985,67.91,,,
California,1986,64.07,,,
California,1987,70.14,,,
California,1988,67.44,,,
California,1989,66.91,,,
California,1990,69.33,,,
California,1991,70.66,,,
California,1992,71.09,,,
California,1993,68.33,,,
California,1994,68.67,,,
California,1995,67.63,,,
California,1996,70.89,,,
California,1997,75.56,,,
California,1998,73.3,,,
California,1999,71.68,,,
California,2000,70.98,,,
California,2001,72.75,,,
California,2002,74.31,,,
California,2003,74.02,,,
California,2004,78.9,,,
California,2005,76.32,,,
California,2006,74.96,,,
California,2007,73.14,,,
California,2008,69.77,,,
California,2009,64.8,,,
California,2010,67.02,,,
California,2011,67.33,,,
California,2012,67.86,,,
California,2013,71.34,,,
California,2014,71.25,,,
California,2015,70.53,,,
California,2016,71.69,,,
California,2017,71.64,,,
California,2018,71.51,,,
California,2019,70.97,,,
California,2020,64.62,,,
California,2021,63.95,,,
Colorado,1970,10.85,,,
Colorado,1971,9.92,,,
Colorado,1972,11.39,,,
Colorado,1973,12,,,
Colorado,1974,11.77,,,
Colorado,1975,11.2,,,
Colorado,1976,11.01,,,
Colorado,1977,11.23,,,
Colorado,1978,10.37,,,
Colorado,1979,10.03,,,
Colorado,1980,10.75,,,
Colorado,1981,8.72,,,
Colorado,1982,7.47,,,
Colorado,1983,6.74,,,
Colorado,1984,6.65,,,
Colorado,1985,5.73,,,
Colorado,1986,6,,,
Colorado,1987,5.51,,,
Colorado,1988,6.29,,,
Colorado,1989,6.72,,,
Colorado,1990,6.9,,,
Colorado,1991,7.77,,,
Colorado,1992,8.02,,,
Colorado,1993,8.7,,,
Colorado,1994,8.2,,,
Colorado,1995,8.07,,,
Colorado,1996,8.31,,,
Colorado,1997,8.64,,,
Colorado,1998,9.12,,,
Colorado,1999,8.94,,,
Colorado,2000,9.51,,,
Colorado,2001,12.8,,,
Colorado,2002,12.25,,,
Colorado,2003,11.72,,,
Colorado,2004,12.12,,,
Colorado,2005,13.14,,,
Colorado,2006,13.03,,,
Colorado,2007,13.12,,,
Colorado,2008,13.65,,,
Colorado,2009,13.23,,,
Colorado,2010,14.26,,,
Colorado,2011,12.87,,,
Colorado,2012,13.05,,,
Colorado,2013,13.07,,,
Colorado,2014,13.88,,,
Colorado,2015,14.16,,,
Colorado,2016,12.16,,,
Colorado,2017,12.73,,,
Colorado,2018,13.22,,,
Colorado,2019,13.37,,,
Colorado,2020,12.94,,,
Colorado,2021,13.18,,,
Connecticut,1970,8.86,,,
Connecticut,1971,7.55,,,
Connecticut,1972,7.42,,,
Connecticut,1973,8.06,,,
Connecticut,1974,7.08,,,
Connecticut,1975,6.41,,,
Connecticut,1976,7.9,,,
Connecticut,1977,8.05,,,
Connecticut,1978,8.37,,,
Connecticut,1979,6.1,,,
Connecticut,1980,5.97,,,
Connecticut,1981,3.22,,,
Connecticut,1982,3.54,,,
Connecticut,1983,2.71,,,
Connecticut,1984,3.15,,,
Connecticut,1985,2.84,,,
Connecticut,1986,2.84,,,
Connecticut,1987,3.12,,,
Connecticut,1988,3.1,,,
Connecticut,1989,2.9,,,
Connecticut,1990,2.81,,,
Connecticut,1991,2.94,,,
Connecticut,1992,3.19,,,
Connecticut,1993,3.26,,,
Connecticut,1994,2.85,,,
Connecticut,1995,2.63,,,
Connecticut,1996,2.71,,,
Connecticut,1997,2.57,,,
Connecticut,1998,2.39,,,
Connecticut,1999,2.47,,,
Connecticut,2000,2.56,,,
Connecticut,2001,2.42,,,
Connecticut,2002,2.32,,,
Connecticut,2003,2.79,,,
Connecticut,2004,2.57,,,
Connecticut,2005,2.61,,,
Connecticut,2006,2.53,,,
Connecticut,2007,2.24,,,
Connecticut,2008,1.81,,,
Connecticut,2009,1.96,,,
Connecticut,2010,1.87,,,
Connecticut,2011,1.97,,,
Connecticut,2012,1.87,,,
Connecticut,2013,2.08,,,
Connecticut,2014,1.97,,,
Connecticut,2015,1.78,,,
Connecticut,2016,1.7,,,
Connecticut,2017,1.71,,,
Connecticut,2018,1.73,,,
Connecticut,2019,1.71,,,
Connecticut,2020,1.66,,,
Connecticut,2021,1.6,,,
Delaware,1970,4.28,,,
Delaware,1971,4.21,,,
Delaware,1972,4.37,,,
Delaware,1973,4.91,,,
Delaware,1974,4.08,,,
Delaware,1975,3.83,,,
Delaware,1976,3.87,,,
Delaware,1977,3.78,,,
Delaware,1978,3.85,,,
Delaware,1979,4.3,,,
Delaware,1980,4.22,,,
Delaware,1981,2.84,,,
Delaware,1982,2.87,,,
Delaware,1983,3.35,,,
Delaware,1984,3.76,,,
Delaware,1985,3.28,,,
Delaware,1986,3.34,,,
Delaware,1987,3.37,,,
Delaware,1988,3.6,,,
Delaware,1989,3.43,,,
Delaware,1990,4.31,,,
Delaware,1991,3.34,,,
Delaware,1992,4.58,,,
Delaware,1993,4.83,,,
Delaware,1994,4.93,,,
Delaware,1995,4.78,,,
Delaware,1996,4.77,,,
Delaware,1997,4.62,,,
Delaware,1998,4.35,,,
Delaware,1999,4.7,,,
Delaware,2000,4.43,,,
Delaware,2001,4.27,,,
Delaware,2002,3.88,,,
Delaware,2003,3.71,,,
Delaware,2004,3.63,,,
Delaware,2005,3.89,,,
Delaware,2006,3.59,,,
Delaware,2007,3.53,,,
Delaware,2008,3.36,,,
Delaware,2009,1.45,,,
Delaware,2010,1.46,,,
Delaware,2011,3.35,,,
Delaware,2012,3.61,,,
Delaware,2013,3.67,,,
Delaware,2014,3.63,,,
Delaware,2015,3.8,,,
Delaware,2016,3.99,,,
Delaware,2017,3.69,,,
Delaware,2018,3.66,,,
Delaware,2019,3.91,,,
Delaware,2020,3.88,,,
Delaware,2021,3.81,,,
District of Columbia,1970,2.69,,,
District of Columbia,1971,2.34,,,
District of Columbia,1972,1.9,,,
District of Columbia,1973,1.71,,,
District of Columbia,1974,1.07,,,
District of Columbia,1975,1.11,,,
District of Columbia,1976,0.84,,,
District of Columbia,1977,0.81,,,
District of Columbia,1978,0.57,,,
District of Columbia,1979,0.57,,,
District of Columbia,1980,0.3,,,
District of Columbia,1981,0.24,,,
District of Columbia,1982,0.1,,,
District of Columbia,1983,0.02,,,
District of Columbia,1984,0.02,,,
District of Columbia,1985,0.04,,,
District of Columbia,1986,0.06,,,
District of Columbia,1987,0.04,,,
District of Columbia,1988,0.03,,,
District of Columbia,1989,0.03,,,
District of Columbia,1990,0.04,,,
District of Columbia,1991,0.03,,,
District of Columbia,1992,0.03,,,
District of Columbia,1993,0.02,,,
District of Columbia,1994,0.03,,,
District of Columbia,1995,0.03,,,
District of Columbia,1996,0.02,,,
District of Columbia,1997,0.03,,,
District of Columbia,1998,0.02,,,
District of Columbia,1999,0.07,,,
District of Columbia,2000,0.03,,,
District of Columbia,2001,0.06,,,
District of Columbia,2002,0.07,,,
District of Columbia,2003,0.1,,,
District of Columbia,2004,0.07,,,
District of Columbia,2005,0.06,,,
District of Columbia,2006,0.06,,,
District of Columbia,2007,0.04,,,
District of Columbia,2008,0.04,,,
District of Columbia,2009,0.04,,,
District of Columbia,2010,0.02,,,
District of Columbia,2011,0.02,,,
District of Columbia,2012,0.02,,,
District of Columbia,2013,0.02,,,
District of Columbia,2014,0.03,,,
District of Columbia,2015,0.02,,,
District of Columbia,2016,0.03,,,
District of Columbia,2017,0.02,,,
District of Columbia,2018,0.02,,,
District of Columbia,2019,0.02,,,
District of Columbia,2020,0.02,,,
District of Columbia,2021,0.02,,,
Florida,1970,11.6,,,
Florida,1971,11.82,,,
Florida,1972,11.76,,,
Florida,1973,13.06,,,
Florida,1974,11.73,,,
Florida,1975,11.05,,,
Florida,1976,13.22,,,
Florida,1977,14.7,,,
Florida,1978,14.23,,,
Florida,1979,16.29,,,
Florida,1980,17.95,,,
Florida,1981,14.4,,,
Florida,1982,10.9,,,
Florida,1983,11.06,,,
Florida,1984,12.4,,,
Florida,1985,13.01,,,
Florida,1986,10.86,,,
Florida,1987,10.49,,,
Florida,1988,12.03,,,
Florida,1989,11.47,,,
Florida,1990,11.84,,,
Florida,1991,11.12,,,
Florida,1992,12.77,,,
Florida,1993,14.01,,,
Florida,1994,14.76,,,
Florida,1995,16,,,
Florida,1996,15.89,,,
Florida,1997,14.95,,,
Florida,1998,15.16,,,
Florida,1999,15.31,,,
Florida,2000,14.42,,,
Florida,2001,13.82,,,
Florida,2002,12.5,,,
Florida,2003,13.45,,,
Florida,2004,12.46,,,
Florida,2005,12.69,,,
Florida,2006,12.76,,,
Florida,2007,11.51,,,
Florida,2008,11.33,,,
Florida,2009,10.17,,,
Florida,2010,11.52,,,
Florida,2011,9.98,,,
Florida,2012,10.3,,,
Florida,2013,10.71,,,
Florida,2014,10.5,,,
Florida,2015,11.27,,,
Florida,2016,11.53,,,
Florida,2017,11.83,,,
Florida,2018,11.75,,,
Florida,2019,11.86,,,
Florida,2020,11.17,,,
Florida,2021,12.27,,,
Georgia,1970,15.2,,,
Georgia,1971,15.46,,,
Georgia,1972,16.53,,,
Georgia,1973,17.93,,,
Georgia,1974,16.34,,,
Georgia,1975,14.25,,,
Georgia,1976,14.4,,,
Georgia,1977,14.07,,,
Georgia,1978,13.68,,,
Georgia,1979,16.2,,,
Georgia,1980,15.45,,,
Georgia,1981,14.6,,,
Georgia,1982,13.59,,,
Georgia,1983,14.35,,,
Georgia,1984,16.1,,,
Georgia,1985,19.15,,,
Georgia,1986,14.88,,,
Georgia,1987,15.65,,,
Georgia,1988,16.55,,,
Georgia,1989,16.75,,,
Georgia,1990,18.01,,,
Georgia,1991,17.54,,,
Georgia,1992,17.86,,,
Georgia,1993,17.5,,,
Georgia,1994,18.15,,,
Georgia,1995,19.14,,,
Georgia,1996,19.87,,,
Georgia,1997,19.31,,,
Georgia,1998,17.9,,,
Georgia,1999,17.89,,,
Georgia,2000,18.83,,,
Georgia,2001,18.23,,,
Georgia,2002,18.25,,,
Georgia,2003,19.01,,,
Georgia,2004,19.17,,,
Georgia,2005,19.3,,,
Georgia,2006,18.28,,,
Georgia,2007,16.95,,,
Georgia,2008,15.62,,,
Georgia,2009,13.75,,,
Georgia,2010,14.69,,,
Georgia,2011,14.08,,,
Georgia,2012,13.26,,,
Georgia,2013,13.75,,,
Georgia,2014,14.26,,,
Georgia,2015,12.94,,,
Georgia,2016,12.85,,,
Georgia,2017,12.44,,,
Georgia,2018,12.9,,,
Georgia,2019,12.31,,,
Georgia,2020,11.75,,,
Georgia,2021,12.68,,,
Hawaii,1970,1.46,,,
Hawaii,1971,1.3,,,
Hawaii,1972,1.47,,,
Hawaii,1973,1.5,,,
Hawaii,1974,1.43,,,
Hawaii,1975,1.33,,,
Hawaii,1976,1.3,,,
Hawaii,1977,1.4,,,
Hawaii,1978,1.36,,,
Hawaii,1979,1.74,,,
Hawaii,1980,1.88,,,
Hawaii,1981,1.76,,,
Hawaii,1982,2.26,,,
Hawaii,1983,1.03,,,
Hawaii,1984,1.14,,,
Hawaii,1985,1.33,,,
Hawaii,1986,1.81,,,
Hawaii,1987,1.76,,,
Hawaii,1988,2.15,,,
Hawaii,1989,1.89,,,
Hawaii,1990,2.17,,,
Hawaii,1991,2.09,,,
Hawaii,1992,2.08,,,
Hawaii,1993,1.99,,,
Hawaii,1994,2.17,,,
Hawaii,1995,2.23,,,
Hawaii,1996,2.34,,,
Hawaii,1997,2.21,,,
Hawaii,1998,1.73,,,
Hawaii,1999,1.55,,,
Hawaii,2000,1.52,,,
Hawaii,2001,1.52,,,
Hawaii,2002,1.56,,,
Hawaii,2003,1.65,,,
Hawaii,2004,1.64,,,
Hawaii,2005,1.9,,,
Hawaii,2006,1.94,,,
Hawaii,2007,1.79,,,
Hawaii,2008,1.64,,,
Hawaii,2009,1.59,,,
Hawaii,2010,1.52,,,
Hawaii,2011,1.55,,,
Hawaii,2012,1.52,,,
Hawaii,2013,1.47,,,
Hawaii,2014,1.44,,,
Hawaii,2015,1.48,,,
Hawaii,2016,1.42,,,
Hawaii,2017,1.54,,,
Hawaii,2018,1.26,,,
Hawaii,2019,1.31,,,
Hawaii,2020,0.88,,,
Hawaii,2021,0.97,,,
Idaho,1970,3.71,,,
Idaho,1971,3.91,,,
Idaho,1972,4.03,,,
Idaho,1973,4.28,,,
Idaho,1974,4.49,,,
Idaho,1975,4.86,,,
Idaho,1976,4.54,,,
Idaho,1977,4.21,,,
Idaho,1978,4.66,,,
Idaho,1979,4.42,,,
Idaho,1980,3.71,,,
Idaho,1981,3.52,,,
Idaho,1982,3.12,,,
Idaho,1983,2.94,,,
Idaho,1984,2.7,,,
Idaho,1985,2.73,,,
Idaho,1986,2.68,,,
Idaho,1987,2.91,,,
Idaho,1988,3.02,,,
Idaho,1989,3.26,,,
Idaho,1990,3.4,,,
Idaho,1991,3.94,,,
Idaho,1992,3.28,,,
Idaho,1993,3.4,,,
Idaho,1994,3.49,,,
Idaho,1995,3.71,,,
Idaho,1996,3.79,,,
Idaho,1997,3.56,,,
Idaho,1998,3.59,,,
Idaho,1999,3.62,,,
Idaho,2000,4.15,,,
Idaho,2001,3.93,,,
Idaho,2002,3.71,,,
Idaho,2003,3.39,,,
Idaho,2004,3.79,,,
Idaho,2005,3.95,,,
Idaho,2006,3.42,,,
Idaho,2007,3.45,,,
Idaho,2008,3.28,,,
Idaho,2009,3.22,,,
Idaho,2010,3.39,,,
Idaho,2011,3.49,,,
Idaho,2012,3.25,,,
Idaho,2013,3.43,,,
Idaho,2014,3.5,,,
Idaho,2015,3.26,,,
Idaho,2016,3.26,,,
Idaho,2017,3.25,,,
Idaho,2018,3.34,,,
Idaho,2019,3.23,,,
Idaho,2020,3.39,,,
Idaho,2021,3.38,,,
Illinois,1970,71.04,,,
Illinois,1971,65.96,,,
Illinois,1972,67.86,,,
Illinois,1973,68.99,,,
Illinois,1974,67.24,,,
Illinois,1975,61.73,,,
Illinois,1976,60.96,,,
Illinois,1977,59.83,,,
Illinois,1978,58.29,,,
Illinois,1979,57.46,,,
Illinois,1980,55.25,,,
Illinois,1981,46.19,,,
Illinois,1982,41.11,,,
Illinois,1983,42.55,,,
Illinois,1984,44.88,,,
Illinois,1985,41.64,,,
Illinois,1986,43.23,,,
Illinois,1987,45.03,,,
Illinois,1988,47.27,,,
Illinois,1989,42.93,,,
Illinois,1990,42.96,,,
Illinois,1991,43,,,
Illinois,1992,43.34,,,
Illinois,1993,43.53,,,
Illinois,1994,44.19,,,
Illinois,1995,44.21,,,
Illinois,1996,45.67,,,
Illinois,1997,46.23,,,
Illinois,1998,44.56,,,
Illinois,1999,44.11,,,
Illinois,2000,41.94,,,
Illinois,2001,37.85,,,
Illinois,2002,37.13,,,
Illinois,2003,36.3,,,
Illinois,2004,36.05,,,
Illinois,2005,36.72,,,
Illinois,2006,36.33,,,
Illinois,2007,36.75,,,
Illinois,2008,35.93,,,
Illinois,2009,30.28,,,
Illinois,2010,35.78,,,
Illinois,2011,37.1,,,
Illinois,2012,37.24,,,
Illinois,2013,39,,,
Illinois,2014,39.4,,,
Illinois,2015,35.63,,,
Illinois,2016,35.15,,,
Illinois,2017,35.62,,,
Illinois,2018,35.76,,,
Illinois,2019,36.3,,,
Illinois,2020,35.75,,,
Illinois,2021,34.55,,,
Indiana,1970,73.88,,,
Indiana,1971,69.14,,,
Indiana,1972,78.1,,,
Indiana,1973,78.18,,,
Indiana,1974,75.1,,,
Indiana,1975,69.75,,,
Indiana,1976,67.45,,,
Indiana,1977,70.32,,,
Indiana,1978,69.56,,,
Indiana,1979,73.21,,,
Indiana,1980,64.7,,,
Indiana,1981,64.34,,,
Indiana,1982,50.58,,,
Indiana,1983,50.45,,,
Indiana,1984,52.53,,,
Indiana,1985,52.24,,,
Indiana,1986,47.99,,,
Indiana,1987,51.9,,,
Indiana,1988,55.9,,,
Indiana,1989,54.72,,,
Indiana,1990,53.33,,,
Indiana,1991,50.65,,,
Indiana,1992,49.97,,,
Indiana,1993,48.32,,,
Indiana,1994,43.96,,,
Indiana,1995,46.35,,,
Indiana,1996,48.45,,,
Indiana,1997,48.37,,,
Indiana,1998,49.55,,,
Indiana,1999,51.15,,,
Indiana,2000,54.35,,,
Indiana,2001,56.09,,,
Indiana,2002,55.23,,,
Indiana,2003,55.86,,,
Indiana,2004,58.1,,,
Indiana,2005,54.59,,,
Indiana,2006,54.18,,,
Indiana,2007,53.31,,,
Indiana,2008,50.39,,,
Indiana,2009,44.05,,,
Indiana,2010,48.17,,,
Indiana,2011,46.34,,,
Indiana,2012,44.85,,,
Indiana,2013,45.56,,,
Indiana,2014,44.29,,,
Indiana,2015,43.6,,,
Indiana,2016,42.74,,,
Indiana,2017,42.2,,,
Indiana,2018,44.85,,,
Indiana,2019,46.1,,,
Indiana,2020,41.43,,,
Indiana,2021,43.44,,,
Iowa,1970,14.41,,,
Iowa,1971,13.01,,,
Iowa,1972,13.37,,,
Iowa,1973,15.12,,,
Iowa,1974,14.17,,,
Iowa,1975,13.22,,,
Iowa,1976,13.73,,,
Iowa,1977,13.07,,,
Iowa,1978,11.85,,,
Iowa,1979,14.4,,,
Iowa,1980,12.88,,,
Iowa,1981,12.58,,,
Iowa,1982,11.32,,,
Iowa,1983,10.23,,,
Iowa,1984,11.13,,,
Iowa,1985,11.3,,,
Iowa,1986,11.51,,,
Iowa,1987,11.89,,,
Iowa,1988,12.53,,,
Iowa,1989,12.69,,,
Iowa,1990,12.51,,,
Iowa,1991,13.45,,,
Iowa,1992,13.79,,,
Iowa,1993,14.05,,,
Iowa,1994,14.83,,,
Iowa,1995,15.18,,,
Iowa,1996,15.67,,,
Iowa,1997,15.32,,,
Iowa,1998,15.13,,,
Iowa,1999,15.3,,,
Iowa,2000,15.07,,,
Iowa,2001,14.73,,,
Iowa,2002,14.48,,,
Iowa,2003,13.72,,,
Iowa,2004,14.25,,,
Iowa,2005,14.45,,,
Iowa,2006,14.89,,,
Iowa,2007,16.57,,,
Iowa,2008,17.84,,,
Iowa,2009,17.36,,,
Iowa,2010,18.93,,,
Iowa,2011,19.21,,,
Iowa,2012,18.5,,,
Iowa,2013,19.54,,,
Iowa,2014,19.33,,,
Iowa,2015,19.24,,,
Iowa,2016,19.34,,,
Iowa,2017,21.84,,,
Iowa,2018,22.61,,,
Iowa,2019,22.62,,,
Iowa,2020,21.36,,,
Iowa,2021,20.53,,,
Kansas,1970,15.1,,,
Kansas,1971,15.86,,,
Kansas,1972,17.03,,,
Kansas,1973,17.95,,,
Kansas,1974,17.19,,,
Kansas,1975,15.29,,,
Kansas,1976,16.57,,,
Kansas,1977,17.44,,,
Kansas,1978,17.19,,,
Kansas,1979,22.59,,,
Kansas,1980,17.34,,,
Kansas,1981,15.3,,,
Kansas,1982,14.99,,,
Kansas,1983,13.87,,,
Kansas,1984,17.93,,,
Kansas,1985,16.77,,,
Kansas,1986,15.09,,,
Kansas,1987,15.99,,,
Kansas,1988,16.44,,,
Kansas,1989,15.33,,,
Kansas,1990,15.35,,,
Kansas,1991,14.93,,,
Kansas,1992,15.88,,,
Kansas,1993,15.79,,,
Kansas,1994,17.67,,,
Kansas,1995,14.32,,,
Kansas,1996,14.3,,,
Kansas,1997,15.12,,,
Kansas,1998,13.34,,,
Kansas,1999,13.29,,,
Kansas,2000,13.64,,,
Kansas,2001,12.49,,,
Kansas,2002,13.15,,,
Kansas,2003,13.83,,,
Kansas,2004,13.47,,,
Kansas,2005,12.01,,,
Kansas,2006,13.28,,,
Kansas,2007,15.08,,,
Kansas,2008,12.96,,,
Kansas,2009,11.66,,,
Kansas,2010,11.98,,,
Kansas,2011,11.98,,,
Kansas,2012,12.22,,,
Kansas,2013,12.04,,,
Kansas,2014,12.12,,,
Kansas,2015,12.66,,,
Kansas,2016,13.16,,,
Kansas,2017,13.53,,,
Kansas,2018,13.77,,,
Kansas,2019,13.54,,,
Kansas,2020,13.83,,,
Kansas,2021,13.5,,,
Kentucky,1970,18.2,,,
Kentucky,1971,17.24,,,
Kentucky,1972,18.01,,,
Kentucky,1973,17.3,,,
Kentucky,1974,18.21,,,
Kentucky,1975,16.21,,,
Kentucky,1976,16.06,,,
Kentucky,1977,16.21,,,
Kentucky,1978,16.99,,,
Kentucky,1979,18.01,,,
Kentucky,1980,17.84,,,
Kentucky,1981,15.56,,,
Kentucky,1982,15.08,,,
Kentucky,1983,15.76,,,
Kentucky,1984,18.41,,,
Kentucky,1985,18.77,,,
Kentucky,1986,17.3,,,
Kentucky,1987,18.36,,,
Kentucky,1988,18.23,,,
Kentucky,1989,19.17,,,
Kentucky,1990,19.41,,,
Kentucky,1991,17.45,,,
Kentucky,1992,18.63,,,
Kentucky,1993,19.64,,,
Kentucky,1994,19.48,,,
Kentucky,1995,21.02,,,
Kentucky,1996,21.35,,,
Kentucky,1997,19.92,,,
Kentucky,1998,19.44,,,
Kentucky,1999,19.4,,,
Kentucky,2000,18.4,,,
Kentucky,2001,21.88,,,
Kentucky,2002,21.19,,,
Kentucky,2003,20.36,,,
Kentucky,2004,22.89,,,
Kentucky,2005,22.67,,,
Kentucky,2006,23.62,,,
Kentucky,2007,22.57,,,
Kentucky,2008,21.93,,,
Kentucky,2009,19.96,,,
Kentucky,2010,19.41,,,
Kentucky,2011,18.73,,,
Kentucky,2012,17.37,,,
Kentucky,2013,15.98,,,
Kentucky,2014,15.34,,,
Kentucky,2015,16.15,,,
Kentucky,2016,15.86,,,
Kentucky,2017,15.04,,,
Kentucky,2018,15.42,,,
Kentucky,2019,15.57,,,
Kentucky,2020,14.05,,,
Kentucky,2021,14.88,,,
Louisiana,1970,88.91,,,
Louisiana,1971,90.56,,,
Louisiana,1972,94.34,,,
Louisiana,1973,101.58,,,
Louisiana,1974,102.81,,,
Louisiana,1975,90.79,,,
Louisiana,1976,107.45,,,
Louisiana,1977,122.24,,,
Louisiana,1978,126.96,,,
Louisiana,1979,115.34,,,
Louisiana,1980,106.73,,,
Louisiana,1981,104.01,,,
Louisiana,1982,95.01,,,
Louisiana,1983,91.75,,,
Louisiana,1984,98.65,,,
Louisiana,1985,86.7,,,
Louisiana,1986,90.27,,,
Louisiana,1987,95.05,,,
Louisiana,1988,95.37,,,
Louisiana,1989,99.98,,,
Louisiana,1990,103.4,,,
Louisiana,1991,99.84,,,
Louisiana,1992,105.46,,,
Louisiana,1993,107.33,,,
Louisiana,1994,108.67,,,
Louisiana,1995,108.86,,,
Louisiana,1996,113.62,,,
Louisiana,1997,120.55,,,
Louisiana,1998,106.77,,,
Louisiana,1999,105.18,,,
Louisiana,2000,110.72,,,
Louisiana,2001,100.6,,,
Louisiana,2002,103.15,,,
Louisiana,2003,102.22,,,
Louisiana,2004,108.39,,,
Louisiana,2005,103.41,,,
Louisiana,2006,113.66,,,
Louisiana,2007,117.05,,,
Louisiana,2008,112.93,,,
Louisiana,2009,104.73,,,
Louisiana,2010,114.12,,,
Louisiana,2011,114.14,,,
Louisiana,2012,111.24,,,
Louisiana,2013,106.06,,,
Louisiana,2014,106.3,,,
Louisiana,2015,105.2,,,
Louisiana,2016,110.82,,,
Louisiana,2017,114.9,,,
Louisiana,2018,118.17,,,
Louisiana,2019,119.36,,,
Louisiana,2020,112.51,,,
Louisiana,2021,108.91,,,
Maine,1970,3.01,,,
Maine,1971,6.07,,,
Maine,1972,6.01,,,
Maine,1973,5.61,,,
Maine,1974,4.79,,,
Maine,1975,3.27,,,
Maine,1976,4.97,,,
Maine,1977,5.11,,,
Maine,1978,4.23,,,
Maine,1979,3.87,,,
Maine,1980,2.62,,,
Maine,1981,3.13,,,
Maine,1982,6.27,,,
Maine,1983,2.83,,,
Maine,1984,3.53,,,
Maine,1985,2.35,,,
Maine,1986,4.43,,,
Maine,1987,3.12,,,
Maine,1988,3.74,,,
Maine,1989,3.53,,,
Maine,1990,3.35,,,
Maine,1991,3.96,,,
Maine,1992,5.33,,,
Maine,1993,5.02,,,
Maine,1994,6.25,,,
Maine,1995,4.87,,,
Maine,1996,4.99,,,
Maine,1997,4.37,,,
Maine,1998,3.67,,,
Maine,1999,3.39,,,
Maine,2000,4.29,,,
Maine,2001,3.51,,,
Maine,2002,3.92,,,
Maine,2003,2.43,,,
Maine,2004,3.41,,,
Maine,2005,3.15,,,
Maine,2006,3.29,,,
Maine,2007,3.33,,,
Maine,2008,3.14,,,
Maine,2009,2.8,,,
Maine,2010,2.69,,,
Maine,2011,2.57,,,
Maine,2012,2.35,,,
Maine,2013,2.32,,,
Maine,2014,1.87,,,
Maine,2015,1.62,,,
Maine,2016,1.44,,,
Maine,2017,1.39,,,
Maine,2018,1.55,,,
Maine,2019,1.66,,,
Maine,2020,1.67,,,
Maine,2021,1.61,,,
Maryland,1970,22.61,,,
Maryland,1971,22.86,,,
Maryland,1972,21.05,,,
Maryland,1973,25.47,,,
Maryland,1974,19.91,,,
Maryland,1975,16.61,,,
Maryland,1976,18.43,,,
Maryland,1977,14.83,,,
Maryland,1978,14.91,,,
Maryland,1979,18.07,,,
Maryland,1980,14.76,,,
Maryland,1981,14.3,,,
Maryland,1982,12.28,,,
Maryland,1983,12.48,,,
Maryland,1984,14.77,,,
Maryland,1985,12.74,,,
Maryland,1986,12.04,,,
Maryland,1987,13.13,,,
Maryland,1988,12.89,,,
Maryland,1989,12.14,,,
Maryland,1990,11.32,,,
Maryland,1991,9.59,,,
Maryland,1992,6.91,,,
Maryland,1993,6.85,,,
Maryland,1994,6.98,,,
Maryland,1995,6.69,,,
Maryland,1996,7.34,,,
Maryland,1997,7.46,,,
Maryland,1998,7.03,,,
Maryland,1999,7.02,,,
Maryland,2000,6.62,,,
Maryland,2001,8.36,,,
Maryland,2002,8.12,,,
Maryland,2003,7.76,,,
Maryland,2004,8.79,,,
Maryland,2005,8.43,,,
Maryland,2006,6.08,,,
Maryland,2007,5.56,,,
Maryland,2008,5.39,,,
Maryland,2009,4.52,,,
Maryland,2010,4.34,,,
Maryland,2011,4.25,,,
Maryland,2012,3.79,,,
Maryland,2013,3.21,,,
Maryland,2014,3.4,,,
Maryland,2015,3.19,,,
Maryland,2016,2.92,,,
Maryland,2017,2.92,,,
Maryland,2018,2.91,,,
Maryland,2019,2.94,,,
Maryland,2020,2.66,,,
Maryland,2021,2.83,,,
Massachusetts,1970,15.64,,,
Massachusetts,1971,14.89,,,
Massachusetts,1972,15.27,,,
Massachusetts,1973,14.99,,,
Massachusetts,1974,12.39,,,
Massachusetts,1975,10.69,,,
Massachusetts,1976,11.08,,,
Massachusetts,1977,10.36,,,
Massachusetts,1978,9.48,,,
Massachusetts,1979,6.31,,,
Massachusetts,1980,4.5,,,
Massachusetts,1981,5.68,,,
Massachusetts,1982,5.38,,,
Massachusetts,1983,5.76,,,
Massachusetts,1984,6.97,,,
Massachusetts,1985,7.22,,,
Massachusetts,1986,9.23,,,
Massachusetts,1987,8.04,,,
Massachusetts,1988,5.46,,,
Massachusetts,1989,5.49,,,
Massachusetts,1990,5.37,,,
Massachusetts,1991,4.76,,,
Massachusetts,1992,6.52,,,
Massachusetts,1993,6.72,,,
Massachusetts,1994,5.77,,,
Massachusetts,1995,5.06,,,
Massachusetts,1996,5,,,
Massachusetts,1997,5.08,,,
Massachusetts,1998,4.96,,,
Massachusetts,1999,5.65,,,
Massachusetts,2000,5.44,,,
Massachusetts,2001,6.62,,,
Massachusetts,2002,6.48,,,
Massachusetts,2003,4.3,,,
Massachusetts,2004,4.11,,,
Massachusetts,2005,4.39,,,
Massachusetts,2006,4.29,,,
Massachusetts,2007,4.22,,,
Massachusetts,2008,3.83,,,
Massachusetts,2009,3.09,,,
Massachusetts,2010,3.53,,,
Massachusetts,2011,3.75,,,
Massachusetts,2012,3.24,,,
Massachusetts,2013,3.41,,,
Massachusetts,2014,3.32,,,
Massachusetts,2015,3.33,,,
Massachusetts,2016,3.21,,,
Massachusetts,2017,3.32,,,
Massachusetts,2018,3.3,,,
Massachusetts,2019,3.34,,,
Massachusetts,2020,3.13,,,
Massachusetts,2021,3.29,,,
Michigan,1970,53.31,,,
Michigan,1971,53.68,,,
Michigan,1972,55.28,,,
Michigan,1973,53.18,,,
Michigan,1974,45.19,,,
Michigan,1975,47.07,,,
Michigan,1976,47.38,,,
Michigan,1977,42.47,,,
Michigan,1978,40.6,,,
Michigan,1979,41.68,,,
Michigan,1980,40.47,,,
Michigan,1981,36.62,,,
Michigan,1982,32.63,,,
Michigan,1983,30.45,,,
Michigan,1984,31.63,,,
Michigan,1985,32.15,,,
Michigan,1986,32.45,,,
Michigan,1987,25.36,,,
Michigan,1988,29.83,,,
Michigan,1989,28.6,,,
Michigan,1990,32.2,,,
Michigan,1991,28.91,,,
Michigan,1992,29.33,,,
Michigan,1993,25.58,,,
Michigan,1994,28.01,,,
Michigan,1995,28.54,,,
Michigan,1996,29.1,,,
Michigan,1997,27.38,,,
Michigan,1998,25.93,,,
Michigan,1999,29.39,,,
Michigan,2000,27.57,,,
Michigan,2001,25.34,,,
Michigan,2002,23.51,,,
Michigan,2003,23.32,,,
Michigan,2004,23.85,,,
Michigan,2005,23.65,,,
Michigan,2006,22.37,,,
Michigan,2007,20.37,,,
Michigan,2008,19.91,,,
Michigan,2009,15.21,,,
Michigan,2010,17.63,,,
Michigan,2011,17.91,,,
Michigan,2012,17.79,,,
Michigan,2013,19.79,,,
Michigan,2014,19.73,,,
Michigan,2015,19.59,,,
Michigan,2016,17.77,,,
Michigan,2017,18.92,,,
Michigan,2018,19.08,,,
Michigan,2019,18.93,,,
Michigan,2020,15.94,,,
Michigan,2021,17.65,,,
Minnesota,1970,17.02,,,
Minnesota,1971,17.07,,,
Minnesota,1972,18.33,,,
Minnesota,1973,19.79,,,
Minnesota,1974,17.53,,,
Minnesota,1975,17.88,,,
Minnesota,1976,19.1,,,
Minnesota,1977,17.68,,,
Minnesota,1978,18.06,,,
Minnesota,1979,17.26,,,
Minnesota,1980,12.93,,,
Minnesota,1981,11.06,,,
Minnesota,1982,10.96,,,
Minnesota,1983,9.88,,,
Minnesota,1984,9.84,,,
Minnesota,1985,10.09,,,
Minnesota,1986,10.61,,,
Minnesota,1987,10.42,,,
Minnesota,1988,11.01,,,
Minnesota,1989,11.43,,,
Minnesota,1990,12.25,,,
Minnesota,1991,11.59,,,
Minnesota,1992,12.88,,,
Minnesota,1993,13.38,,,
Minnesota,1994,13.68,,,
Minnesota,1995,14.04,,,
Minnesota,1996,15.8,,,
Minnesota,1997,15.07,,,
Minnesota,1998,15,,,
Minnesota,1999,14.52,,,
Minnesota,2000,14.82,,,
Minnesota,2001,13.36,,,
Minnesota,2002,13.52,,,
Minnesota,2003,13.69,,,
Minnesota,2004,14.14,,,
Minnesota,2005,14.39,,,
Minnesota,2006,14.29,,,
Minnesota,2007,15.19,,,
Minnesota,2008,16.66,,,
Minnesota,2009,14.83,,,
Minnesota,2010,17.04,,,
Minnesota,2011,17.11,,,
Minnesota,2012,16.94,,,
Minnesota,2013,17.52,,,
Minnesota,2014,18.08,,,
Minnesota,2015,16.26,,,
Minnesota,2016,16.91,,,
Minnesota,2017,17.56,,,
Minnesota,2018,17.54,,,
Minnesota,2019,17.94,,,
Minnesota,2020,16.17,,,
Minnesota,2021,16.71,,,
Mississippi,1970,12.77,,,
Mississippi,1971,12.89,,,
Mississippi,1972,13.63,,,
Mississippi,1973,13.5,,,
Mississippi,1974,12.11,,,
Mississippi,1975,10.99,,,
Mississippi,1976,10.92,,,
Mississippi,1977,11.6,,,
Mississippi,1978,11.58,,,
Mississippi,1979,11.8,,,
Mississippi,1980,10.03,,,
Mississippi,1981,9.79,,,
Mississippi,1982,10.8,,,
Mississippi,1983,10.77,,,
Mississippi,1984,11.43,,,
Mississippi,1985,10.11,,,
Mississippi,1986,9.83,,,
Mississippi,1987,9.22,,,
Mississippi,1988,10.49,,,
Mississippi,1989,10.96,,,
Mississippi,1990,11.62,,,
Mississippi,1991,10.76,,,
Mississippi,1992,11.18,,,
Mississippi,1993,10.62,,,
Mississippi,1994,9.9,,,
Mississippi,1995,9.76,,,
Mississippi,1996,10.19,,,
Mississippi,1997,10.02,,,
Mississippi,1998,9.11,,,
Mississippi,1999,11.46,,,
Mississippi,2000,10.72,,,
Mississippi,2001,10.63,,,
Mississippi,2002,10.68,,,
Mississippi,2003,10.46,,,
Mississippi,2004,11.28,,,
Mississippi,2005,10.43,,,
Mississippi,2006,10.83,,,
Mississippi,2007,10.9,,,
Mississippi,2008,10.49,,,
Mississippi,2009,9.61,,,
Mississippi,2010,10.96,,,
Mississippi,2011,10.32,,,
Mississippi,2012,10.76,,,
Mississippi,2013,10.78,,,
Mississippi,2014,10.68,,,
Mississippi,2015,10.63,,,
Mississippi,2016,10.17,,,
Mississippi,2017,11.1,,,
Mississippi,2018,11.28,,,
Mississippi,2019,11.33,,,
Mississippi,2020,11.45,,,
Mississippi,2021,11.34,,,
Missouri,1970,15.51,,,
Missouri,1971,15.02,,,
Missouri,1972,15.72,,,
Missouri,1973,16.63,,,
Missouri,1974,15.52,,,
Missouri,1975,14.91,,,
Missouri,1976,15.61,,,
Missouri,1977,15.74,,,
Missouri,1978,14.24,,,
Missouri,1979,14.32,,,
Missouri,1980,12.55,,,
Missouri,1981,12.48,,,
Missouri,1982,11.47,,,
Missouri,1983,9.42,,,
Missouri,1984,10.46,,,
Missouri,1985,11.09,,,
Missouri,1986,9.5,,,
Missouri,1987,9.83,,,
Missouri,1988,10.13,,,
Missouri,1989,9.58,,,
Missouri,1990,9.16,,,
Missouri,1991,8.7,,,
Missouri,1992,9.12,,,
Missouri,1993,9.43,,,
Missouri,1994,9.68,,,
Missouri,1995,9.71,,,
Missouri,1996,10,,,
Missouri,1997,10.23,,,
Missouri,1998,10.11,,,
Missouri,1999,11.22,,,
Missouri,2000,9.63,,,
Missouri,2001,11.1,,,
Missouri,2002,11.35,,,
Missouri,2003,11.27,,,
Missouri,2004,13.04,,,
Missouri,2005,12.61,,,
Missouri,2006,12.67,,,
Missouri,2007,12.43,,,
Missouri,2008,11.23,,,
Missouri,2009,9.39,,,
Missouri,2010,9.44,,,
Missouri,2011,7.97,,,
Missouri,2012,8.94,,,
Missouri,2013,8.74,,,
Missouri,2014,9.28,,,
Missouri,2015,9.63,,,
Missouri,2016,7.98,,,
Missouri,2017,7.9,,,
Missouri,2018,8.49,,,
Missouri,2019,8.45,,,
Missouri,2020,8.27,,,
Missouri,2021,8.57,,,
Montana,1970,5.3,,,
Montana,1971,5.62,,,
Montana,1972,5.89,,,
Montana,1973,6.23,,,
Montana,1974,6.17,,,
Montana,1975,5.99,,,
Montana,1976,6.1,,,
Montana,1977,6.22,,,
Montana,1978,5.9,,,
Montana,1979,7.42,,,
Montana,1980,5.88,,,
Montana,1981,5.05,,,
Montana,1982,3.97,,,
Montana,1983,4.26,,,
Montana,1984,3.92,,,
Montana,1985,4.74,,,
Montana,1986,3.48,,,
Montana,1987,3.48,,,
Montana,1988,3.75,,,
Montana,1989,4.22,,,
Montana,1990,4.38,,,
Montana,1991,4.22,,,
Montana,1992,4.36,,,
Montana,1993,4.71,,,
Montana,1994,4.86,,,
Montana,1995,5.24,,,
Montana,1996,4.93,,,
Montana,1997,4.52,,,
Montana,1998,4.81,,,
Montana,1999,5.19,,,
Montana,2000,4.61,,,
Montana,2001,4.03,,,
Montana,2002,4.53,,,
Montana,2003,4.65,,,
Montana,2004,5.08,,,
Montana,2005,5.4,,,
Montana,2006,5.84,,,
Montana,2007,6.64,,,
Montana,2008,6.27,,,
Montana,2009,4.88,,,
Montana,2010,3.94,,,
Montana,2011,4.09,,,
Montana,2012,4.48,,,
Montana,2013,4.61,,,
Montana,2014,4.55,,,
Montana,2015,4.43,,,
Montana,2016,4.27,,,
Montana,2017,4.48,,,
Montana,2018,4.58,,,
Montana,2019,4.68,,,
Montana,2020,4.66,,,
Montana,2021,4.53,,,
Nebraska,1970,5.58,,,
Nebraska,1971,5.56,,,
Nebraska,1972,5.71,,,
Nebraska,1973,6.52,,,
Nebraska,1974,6.73,,,
Nebraska,1975,6.79,,,
Nebraska,1976,7.52,,,
Nebraska,1977,6.92,,,
Nebraska,1978,6.67,,,
Nebraska,1979,7.1,,,
Nebraska,1980,5.59,,,
Nebraska,1981,5.07,,,
Nebraska,1982,4.85,,,
Nebraska,1983,4.68,,,
Nebraska,1984,4.89,,,
Nebraska,1985,4.8,,,
Nebraska,1986,4.37,,,
Nebraska,1987,4.72,,,
Nebraska,1988,4.96,,,
Nebraska,1989,4.86,,,
Nebraska,1990,4.45,,,
Nebraska,1991,4.44,,,
Nebraska,1992,4.57,,,
Nebraska,1993,5.27,,,
Nebraska,1994,5.48,,,
Nebraska,1995,5.43,,,
Nebraska,1996,4.95,,,
Nebraska,1997,5.35,,,
Nebraska,1998,6.12,,,
Nebraska,1999,5.32,,,
Nebraska,2000,5.66,,,
Nebraska,2001,5.87,,,
Nebraska,2002,5.75,,,
Nebraska,2003,5.71,,,
Nebraska,2004,5.94,,,
Nebraska,2005,5.85,,,
Nebraska,2006,6.52,,,
Nebraska,2007,7.28,,,
Nebraska,2008,7.48,,,
Nebraska,2009,7.13,,,
Nebraska,2010,7.73,,,
Nebraska,2011,8.36,,,
Nebraska,2012,8.9,,,
Nebraska,2013,8.97,,,
Nebraska,2014,8.91,,,
Nebraska,2015,8.91,,,
Nebraska,2016,9.21,,,
Nebraska,2017,9.24,,,
Nebraska,2018,8.97,,,
Nebraska,2019,8.82,,,
Nebraska,2020,8.97,,,
Nebraska,2021,9.1,,,
Nevada,1970,1.2,,,
Nevada,1971,1.41,,,
Nevada,1972,1.39,,,
Nevada,1973,1.38,,,
Nevada,1974,1.17,,,
Nevada,1975,1.11,,,
Nevada,1976,1.41,,,
Nevada,1977,1.29,,,
Nevada,1978,1.33,,,
Nevada,1979,1.24,,,
Nevada,1980,1.12,,,
Nevada,1981,1.2,,,
Nevada,1982,1.18,,,
Nevada,1983,1.65,,,
Nevada,1984,1.63,,,
Nevada,1985,1.36,,,
Nevada,1986,1.27,,,
Nevada,1987,1.32,,,
Nevada,1988,1.76,,,
Nevada,1989,2.27,,,
Nevada,1990,2.14,,,
Nevada,1991,2.23,,,
Nevada,1992,2.51,,,
Nevada,1993,2.57,,,
Nevada,1994,2.67,,,
Nevada,1995,3.04,,,
Nevada,1996,2.7,,,
Nevada,1997,2.86,,,
Nevada,1998,2.74,,,
Nevada,1999,2.61,,,
Nevada,2000,2.48,,,
Nevada,2001,2.46,,,
Nevada,2002,2.19,,,
Nevada,2003,2.02,,,
Nevada,2004,2.53,,,
Nevada,2005,2.8,,,
Nevada,2006,2.9,,,
Nevada,2007,2.84,,,
Nevada,2008,2.74,,,
Nevada,2009,2.65,,,
Nevada,2010,2.71,,,
Nevada,2011,1.78,,,
Nevada,2012,2.11,,,
Nevada,2013,2.42,,,
Nevada,2014,3.22,,,
Nevada,2015,2.09,,,
Nevada,2016,3.12,,,
Nevada,2017,3.47,,,
Nevada,2018,3.76,,,
Nevada,2019,3.7,,,
Nevada,2020,2.76,,,
Nevada,2021,3.06,,,
New Hampshire,1970,1.7,,,
New Hampshire,1971,2,,,
New Hampshire,1972,2.11,,,
New Hampshire,1973,1.95,,,
New Hampshire,1974,1.6,,,
New Hampshire,1975,1.52,,,
New Hampshire,1976,1.84,,,
New Hampshire,1977,1.96,,,
New Hampshire,1978,1.45,,,
New Hampshire,1979,0.72,,,
New Hampshire,1980,0.91,,,
New Hampshire,1981,0.61,,,
New Hampshire,1982,0.79,,,
New Hampshire,1983,0.8,,,
New Hampshire,1984,0.98,,,
New Hampshire,1985,0.93,,,
New Hampshire,1986,1.25,,,
New Hampshire,1987,1.16,,,
New Hampshire,1988,0.89,,,
New Hampshire,1989,0.81,,,
New Hampshire,1990,0.78,,,
New Hampshire,1991,0.8,,,
New Hampshire,1992,1.09,,,
New Hampshire,1993,1.34,,,
New Hampshire,1994,1.11,,,
New Hampshire,1995,1.03,,,
New Hampshire,1996,0.96,,,
New Hampshire,1997,0.92,,,
New Hampshire,1998,0.87,,,
New Hampshire,1999,0.87,,,
New Hampshire,2000,1.12,,,
New Hampshire,2001,1.21,,,
New Hampshire,2002,1.1,,,
New Hampshire,2003,1.1,,,
New Hampshire,2004,1.11,,,
New Hampshire,2005,0.97,,,
New Hampshire,2006,1.11,,,
New Hampshire,2007,0.87,,,
New Hampshire,2008,0.82,,,
New Hampshire,2009,0.75,,,
New Hampshire,2010,0.73,,,
New Hampshire,2011,0.72,,,
New Hampshire,2012,0.66,,,
New Hampshire,2013,0.77,,,
New Hampshire,2014,0.81,,,
New Hampshire,2015,0.75,,,
New Hampshire,2016,0.72,,,
New Hampshire,2017,0.76,,,
New Hampshire,2018,0.77,,,
New Hampshire,2019,0.78,,,
New Hampshire,2020,0.75,,,
New Hampshire,2021,0.73,,,
New Jersey,1970,27.52,,,
New Jersey,1971,24.13,,,
New Jersey,1972,24.42,,,
New Jersey,1973,24.92,,,
New Jersey,1974,21.66,,,
New Jersey,1975,19.31,,,
New Jersey,1976,22.68,,,
New Jersey,1977,21.45,,,
New Jersey,1978,20.64,,,
New Jersey,1979,25.81,,,
New Jersey,1980,21.85,,,
New Jersey,1981,18.13,,,
New Jersey,1982,17.29,,,
New Jersey,1983,14.65,,,
New Jersey,1984,16.02,,,
New Jersey,1985,13.71,,,
New Jersey,1986,14,,,
New Jersey,1987,15.38,,,
New Jersey,1988,15.35,,,
New Jersey,1989,15.45,,,
New Jersey,1990,14.26,,,
New Jersey,1991,14.31,,,
New Jersey,1992,18.47,,,
New Jersey,1993,18.92,,,
New Jersey,1994,19.22,,,
New Jersey,1995,19.36,,,
New Jersey,1996,19.67,,,
New Jersey,1997,19.7,,,
New Jersey,1998,18.62,,,
New Jersey,1999,18.85,,,
New Jersey,2000,12.15,,,
New Jersey,2001,13.3,,,
New Jersey,2002,12.51,,,
New Jersey,2003,13.24,,,
New Jersey,2004,13.74,,,
New Jersey,2005,13.73,,,
New Jersey,2006,12.4,,,
New Jersey,2007,12.21,,,
New Jersey,2008,10.53,,,
New Jersey,2009,8.91,,,
New Jersey,2010,8.56,,,
New Jersey,2011,9.77,,,
New Jersey,2012,9.82,,,
New Jersey,2013,9.25,,,
New Jersey,2014,9.32,,,
New Jersey,2015,9.32,,,
New Jersey,2016,9.84,,,
New Jersey,2017,8.95,,,
New Jersey,2018,9.22,,,
New Jersey,2019,9.48,,,
New Jersey,2020,8.15,,,
New Jersey,2021,8.4,,,
New Mexico,1970,8.74,,,
New Mexico,1971,8.77,,,
New Mexico,1972,9.19,,,
New Mexico,1973,9.05,,,
New Mexico,1974,8.7,,,
New Mexico,1975,8.11,,,
New Mexico,1976,9.08,,,
New Mexico,1977,8.06,,,
New Mexico,1978,7.32,,,
New Mexico,1979,7.12,,,
New Mexico,1980,6.8,,,
New Mexico,1981,6.11,,,
New Mexico,1982,6.16,,,
New Mexico,1983,7.13,,,
New Mexico,1984,7.06,,,
New Mexico,1985,5.57,,,
New Mexico,1986,4.61,,,
New Mexico,1987,5.28,,,
New Mexico,1988,5.01,,,
New Mexico,1989,5.19,,,
New Mexico,1990,6.83,,,
New Mexico,1991,6.25,,,
New Mexico,1992,6.55,,,
New Mexico,1993,6.35,,,
New Mexico,1994,6.36,,,
New Mexico,1995,6.72,,,
New Mexico,1996,7.86,,,
New Mexico,1997,7.12,,,
New Mexico,1998,6.27,,,
New Mexico,1999,6.29,,,
New Mexico,2000,7.57,,,
New Mexico,2001,7.67,,,
New Mexico,2002,6.99,,,
New Mexico,2003,7.6,,,
New Mexico,2004,8.09,,,
New Mexico,2005,7.76,,,
New Mexico,2006,7.74,,,
New Mexico,2007,8.45,,,
New Mexico,2008,8,,,
New Mexico,2009,7.28,,,
New Mexico,2010,7.35,,,
New Mexico,2011,7.56,,,
New Mexico,2012,7.58,,,
New Mexico,2013,7.37,,,
New Mexico,2014,7.79,,,
New Mexico,2015,7.59,,,
New Mexico,2016,7.63,,,
New Mexico,2017,7.89,,,
New Mexico,2018,7.89,,,
New Mexico,2019,8.11,,,
New Mexico,2020,7.67,,,
New Mexico,2021,8.41,,,
New York,1970,61.6,,,
New York,1971,52.64,,,
New York,1972,49.82,,,
New York,1973,52.53,,,
New York,1974,48.02,,,
New York,1975,40.82,,,
New York,1976,48.66,,,
New York,1977,45.95,,,
New York,1978,41.61,,,
New York,1979,42.38,,,
New York,1980,33.88,,,
New York,1981,29.72,,,
New York,1982,25.87,,,
New York,1983,19.89,,,
New York,1984,22.68,,,
New York,1985,21.58,,,
New York,1986,18.72,,,
New York,1987,20.25,,,
New York,1988,20.62,,,
New York,1989,21,,,
New York,1990,19.61,,,
New York,1991,18.81,,,
New York,1992,20.16,,,
New York,1993,20.12,,,
New York,1994,20.31,,,
New York,1995,22.12,,,
New York,1996,22.6,,,
New York,1997,21.49,,,
New York,1998,20.78,,,
New York,1999,17.23,,,
New York,2000,16.73,,,
New York,2001,16.27,,,
New York,2002,14.67,,,
New York,2003,14,,,
New York,2004,13.91,,,
New York,2005,14.7,,,
New York,2006,14.22,,,
New York,2007,13.52,,,
New York,2008,13.05,,,
New York,2009,10.76,,,
New York,2010,9.85,,,
New York,2011,10.16,,,
New York,2012,10.1,,,
New York,2013,9.55,,,
New York,2014,9.1,,,
New York,2015,9.53,,,
New York,2016,9.22,,,
New York,2017,8.87,,,
New York,2018,9.07,,,
New York,2019,9.04,,,
New York,2020,7.99,,,
New York,2021,8.28,,,
North Carolina,1970,15.43,,,
North Carolina,1971,16.16,,,
North Carolina,1972,17.09,,,
North Carolina,1973,16.72,,,
North Carolina,1974,15.29,,,
North Carolina,1975,13.51,,,
North Carolina,1976,15.02,,,
North Carolina,1977,15.66,,,
North Carolina,1978,14.01,,,
North Carolina,1979,16.65,,,
North Carolina,1980,15.08,,,
North Carolina,1981,14.03,,,
North Carolina,1982,13.45,,,
North Carolina,1983,13.54,,,
North Carolina,1984,15.72,,,
North Carolina,1985,15.29,,,
North Carolina,1986,16.44,,,
North Carolina,1987,16.34,,,
North Carolina,1988,16.15,,,
North Carolina,1989,15.83,,,
North Carolina,1990,17.01,,,
North Carolina,1991,16.4,,,
North Carolina,1992,18.17,,,
North Carolina,1993,17.29,,,
North Carolina,1994,16.45,,,
North Carolina,1995,17.65,,,
North Carolina,1996,17.55,,,
North Carolina,1997,17.17,,,
North Carolina,1998,16.08,,,
North Carolina,1999,15.15,,,
North Carolina,2000,15.81,,,
North Carolina,2001,15.09,,,
North Carolina,2002,14.18,,,
North Carolina,2003,13.3,,,
North Carolina,2004,13.63,,,
North Carolina,2005,13.72,,,
North Carolina,2006,12.79,,,
North Carolina,2007,12.02,,,
North Carolina,2008,11.16,,,
North Carolina,2009,9.66,,,
North Carolina,2010,10.38,,,
North Carolina,2011,9.99,,,
North Carolina,2012,9.49,,,
North Carolina,2013,10.13,,,
North Carolina,2014,9.8,,,
North Carolina,2015,9.52,,,
North Carolina,2016,9.56,,,
North Carolina,2017,9.63,,,
North Carolina,2018,9.88,,,
North Carolina,2019,9.94,,,
North Carolina,2020,9.61,,,
North Carolina,2021,10.07,,,
North Dakota,1970,4.05,,,
North Dakota,1971,3.82,,,
North Dakota,1972,3.94,,,
North Dakota,1973,3.65,,,
North Dakota,1974,3.52,,,
North Dakota,1975,3.73,,,
North Dakota,1976,3.51,,,
North Dakota,1977,3.34,,,
North Dakota,1978,3.53,,,
North Dakota,1979,3.93,,,
North Dakota,1980,3.18,,,
North Dakota,1981,4.06,,,
North Dakota,1982,3.56,,,
North Dakota,1983,3.64,,,
North Dakota,1984,6.03,,,
North Dakota,1985,9.38,,,
North Dakota,1986,10.48,,,
North Dakota,1987,11.06,,,
North Dakota,1988,10.44,,,
North Dakota,1989,11.3,,,
North Dakota,1990,11.09,,,
North Dakota,1991,11.18,,,
North Dakota,1992,11.84,,,
North Dakota,1993,11.69,,,
North Dakota,1994,12.04,,,
North Dakota,1995,12.58,,,
North Dakota,1996,11.76,,,
North Dakota,1997,11.69,,,
North Dakota,1998,11.81,,,
North Dakota,1999,11.54,,,
North Dakota,2000,12.31,,,
North Dakota,2001,12.79,,,
North Dakota,2002,12.24,,,
North Dakota,2003,12.24,,,
North Dakota,2004,11.74,,,
North Dakota,2005,12.43,,,
North Dakota,2006,12.82,,,
North Dakota,2007,12.68,,,
North Dakota,2008,13.17,,,
North Dakota,2009,12.63,,,
North Dakota,2010,14.18,,,
North Dakota,2011,15.3,,,
North Dakota,2012,15.9,,,
North Dakota,2013,16.21,,,
North Dakota,2014,17.37,,,
North Dakota,2015,16.43,,,
North Dakota,2016,15.4,,,
North Dakota,2017,16.62,,,
North Dakota,2018,17.27,,,
North Dakota,2019,16.56,,,
North Dakota,2020,16.01,,,
North Dakota,2021,17.94,,,
Ohio,1970,104.05,,,
Ohio,1971,92.18,,,
Ohio,1972,95.8,,,
Ohio,1973,94.6,,,
Ohio,1974,96.1,,,
Ohio,1975,85.98,,,
Ohio,1976,87.48,,,
Ohio,1977,84.08,,,
Ohio,1978,82.56,,,
Ohio,1979,85.24,,,
Ohio,1980,73.89,,,
Ohio,1981,72.48,,,
Ohio,1982,58.3,,,
Ohio,1983,51.61,,,
Ohio,1984,52.61,,,
Ohio,1985,49.99,,,
Ohio,1986,48.19,,,
Ohio,1987,49.43,,,
Ohio,1988,53.37,,,
Ohio,1989,49.95,,,
Ohio,1990,48.85,,,
Ohio,1991,44.73,,,
Ohio,1992,46.43,,,
Ohio,1993,44.21,,,
Ohio,1994,44.52,,,
Ohio,1995,43.52,,,
Ohio,1996,43.24,,,
Ohio,1997,41.84,,,
Ohio,1998,41.61,,,
Ohio,1999,41.34,,,
Ohio,2000,38.1,,,
Ohio,2001,38.34,,,
Ohio,2002,36.26,,,
Ohio,2003,36.99,,,
Ohio,2004,36.37,,,
Ohio,2005,35.31,,,
Ohio,2006,36.68,,,
Ohio,2007,38.09,,,
Ohio,2008,38,,,
Ohio,2009,32.15,,,
Ohio,2010,35.67,,,
Ohio,2011,34.69,,,
Ohio,2012,36.61,,,
Ohio,2013,37.48,,,
Ohio,2014,39,,,
Ohio,2015,37.49,,,
Ohio,2016,36.47,,,
Ohio,2017,36.94,,,
Ohio,2018,38.88,,,
Ohio,2019,37.81,,,
Ohio,2020,34.87,,,
Ohio,2021,37.53,,,
Oklahoma,1970,17.33,,,
Oklahoma,1971,17.78,,,
Oklahoma,1972,17.76,,,
Oklahoma,1973,17.6,,,
Oklahoma,1974,18.7,,,
Oklahoma,1975,18.06,,,
Oklahoma,1976,21.2,,,
Oklahoma,1977,21.94,,,
Oklahoma,1978,22.88,,,
Oklahoma,1979,26.11,,,
Oklahoma,1980,20.49,,,
Oklahoma,1981,20.64,,,
Oklahoma,1982,21.15,,,
Oklahoma,1983,20.52,,,
Oklahoma,1984,22.4,,,
Oklahoma,1985,21,,,
Oklahoma,1986,18.75,,,
Oklahoma,1987,21.2,,,
Oklahoma,1988,20.57,,,
Oklahoma,1989,21.19,,,
Oklahoma,1990,22.63,,,
Oklahoma,1991,20.35,,,
Oklahoma,1992,21.61,,,
Oklahoma,1993,22.79,,,
Oklahoma,1994,22.05,,,
Oklahoma,1995,22.33,,,
Oklahoma,1996,21.53,,,
Oklahoma,1997,22.07,,,
Oklahoma,1998,20.08,,,
Oklahoma,1999,19.35,,,
Oklahoma,2000,18.48,,,
Oklahoma,2001,17.54,,,
Oklahoma,2002,17.21,,,
Oklahoma,2003,18.96,,,
Oklahoma,2004,19.53,,,
Oklahoma,2005,19.91,,,
Oklahoma,2006,21.5,,,
Oklahoma,2007,20.92,,,
Oklahoma,2008,21.89,,,
Oklahoma,2009,18.98,,,
Oklahoma,2010,19.97,,,
Oklahoma,2011,20.47,,,
Oklahoma,2012,21.24,,,
Oklahoma,2013,21.32,,,
Oklahoma,2014,22.29,,,
Oklahoma,2015,21.83,,,
Oklahoma,2016,22.74,,,
Oklahoma,2017,24.14,,,
Oklahoma,2018,24.64,,,
Oklahoma,2019,24.14,,,
Oklahoma,2020,23.22,,,
Oklahoma,2021,23.11,,,
Oregon,1970,7.83,,,
Oregon,1971,8.27,,,
Oregon,1972,9.29,,,
Oregon,1973,8.79,,,
Oregon,1974,7.75,,,
Oregon,1975,6.93,,,
Oregon,1976,6.44,,,
Oregon,1977,6.51,,,
Oregon,1978,6.68,,,
Oregon,1979,6.28,,,
Oregon,1980,6.18,,,
Oregon,1981,5.99,,,
Oregon,1982,5.82,,,
Oregon,1983,4.46,,,
Oregon,1984,5.69,,,
Oregon,1985,4.87,,,
Oregon,1986,5.03,,,
Oregon,1987,5.47,,,
Oregon,1988,5.65,,,
Oregon,1989,5.15,,,
Oregon,1990,5.19,,,
Oregon,1991,5.31,,,
Oregon,1992,6.02,,,
Oregon,1993,5.97,,,
Oregon,1994,5.9,,,
Oregon,1995,6.34,,,
Oregon,1996,6.78,,,
Oregon,1997,6.89,,,
Oregon,1998,7.92,,,
Oregon,1999,8.71,,,
Oregon,2000,6.5,,,
Oregon,2001,5.42,,,
Oregon,2002,5.73,,,
Oregon,2003,5.07,,,
Oregon,2004,5.45,,,
Oregon,2005,5.09,,,
Oregon,2006,5.49,,,
Oregon,2007,5.18,,,
Oregon,2008,5.2,,,
Oregon,2009,4.52,,,
Oregon,2010,4.36,,,
Oregon,2011,4.79,,,
Oregon,2012,4.68,,,
Oregon,2013,4.56,,,
Oregon,2014,4.68,,,
Oregon,2015,4.62,,,
Oregon,2016,4.83,,,
Oregon,2017,4.75,,,
Oregon,2018,4.45,,,
Oregon,2019,4.5,,,
Oregon,2020,4.38,,,
Oregon,2021,4.67,,,
Pennsylvania,1970,127.45,,,
Pennsylvania,1971,114.37,,,
Pennsylvania,1972,114.6,,,
Pennsylvania,1973,118.46,,,
Pennsylvania,1974,114.62,,,
Pennsylvania,1975,104.59,,,
Pennsylvania,1976,107.78,,,
Pennsylvania,1977,101.03,,,
Pennsylvania,1978,97.1,,,
Pennsylvania,1979,106.08,,,
Pennsylvania,1980,87.23,,,
Pennsylvania,1981,76.11,,,
Pennsylvania,1982,52.88,,,
Pennsylvania,1983,54.09,,,
Pennsylvania,1984,64.51,,,
Pennsylvania,1985,55.49,,,
Pennsylvania,1986,50.23,,,
Pennsylvania,1987,56.56,,,
Pennsylvania,1988,60.43,,,
Pennsylvania,1989,60.85,,,
Pennsylvania,1990,62.54,,,
Pennsylvania,1991,56.48,,,
Pennsylvania,1992,60.57,,,
Pennsylvania,1993,60.8,,,
Pennsylvania,1994,60.96,,,
Pennsylvania,1995,60.85,,,
Pennsylvania,1996,60.28,,,
Pennsylvania,1997,59.96,,,
Pennsylvania,1998,49.57,,,
Pennsylvania,1999,48.96,,,
Pennsylvania,2000,49.21,,,
Pennsylvania,2001,47.92,,,
Pennsylvania,2002,47.4,,,
Pennsylvania,2003,48.25,,,
Pennsylvania,2004,48.55,,,
Pennsylvania,2005,46.47,,,
Pennsylvania,2006,46.48,,,
Pennsylvania,2007,45.71,,,
Pennsylvania,2008,44.8,,,
Pennsylvania,2009,34.99,,,
Pennsylvania,2010,40.05,,,
Pennsylvania,2011,40.43,,,
Pennsylvania,2012,41.96,,,
Pennsylvania,2013,49.16,,,
Pennsylvania,2014,53.27,,,
Pennsylvania,2015,50.79,,,
Pennsylvania,2016,45.94,,,
Pennsylvania,2017,47.95,,,
Pennsylvania,2018,50.67,,,
Pennsylvania,2019,50.47,,,
Pennsylvania,2020,42.04,,,
Pennsylvania,2021,49.34,,,
Rhode Island,1970,2.26,,,
Rhode Island,1971,2.4,,,
Rhode Island,1972,2.35,,,
Rhode Island,1973,2.25,,,
Rhode Island,1974,1.81,,,
Rhode Island,1975,1.47,,,
Rhode Island,1976,1.73,,,
Rhode Island,1977,2.02,,,
Rhode Island,1978,1.41,,,
Rhode Island,1979,0.95,,,
Rhode Island,1980,0.81,,,
Rhode Island,1981,0.8,,,
Rhode Island,1982,0.73,,,
Rhode Island,1983,0.68,,,
Rhode Island,1984,0.8,,,
Rhode Island,1985,0.87,,,
Rhode Island,1986,1.02,,,
Rhode Island,1987,0.99,,,
Rhode Island,1988,1.16,,,
Rhode Island,1989,0.75,,,
Rhode Island,1990,0.64,,,
Rhode Island,1991,1.73,,,
Rhode Island,1992,2.87,,,
Rhode Island,1993,0.96,,,
Rhode Island,1994,2.56,,,
Rhode Island,1995,2.17,,,
Rhode Island,1996,1.77,,,
Rhode Island,1997,1.62,,,
Rhode Island,1998,2.5,,,
Rhode Island,1999,2.1,,,
Rhode Island,2000,0.67,,,
Rhode Island,2001,0.54,,,
Rhode Island,2002,0.5,,,
Rhode Island,2003,0.56,,,
Rhode Island,2004,0.59,,,
Rhode Island,2005,0.61,,,
Rhode Island,2006,0.61,,,
Rhode Island,2007,0.6,,,
Rhode Island,2008,0.52,,,
Rhode Island,2009,0.66,,,
Rhode Island,2010,0.59,,,
Rhode Island,2011,0.55,,,
Rhode Island,2012,0.53,,,
Rhode Island,2013,0.55,,,
Rhode Island,2014,0.55,,,
Rhode Island,2015,0.58,,,
Rhode Island,2016,0.59,,,
Rhode Island,2017,0.63,,,
Rhode Island,2018,0.64,,,
Rhode Island,2019,0.63,,,
Rhode Island,2020,0.6,,,
Rhode Island,2021,0.59,,,
South Carolina,1970,10.61,,,
South Carolina,1971,10.57,,,
South Carolina,1972,10.53,,,
South Carolina,1973,10.53,,,
South Carolina,1974,9.67,,,
South Carolina,1975,8.84,,,
South Carolina,1976,11.42,,,
South Carolina,1977,11.99,,,
South Carolina,1978,10.75,,,
South Carolina,1979,11.57,,,
South Carolina,1980,12.53,,,
South Carolina,1981,12.7,,,
South Carolina,1982,10.95,,,
South Carolina,1983,10.96,,,
South Carolina,1984,12.23,,,
South Carolina,1985,12.14,,,
South Carolina,1986,11.62,,,
South Carolina,1987,12.44,,,
South Carolina,1988,13.17,,,
South Carolina,1989,12.92,,,
South Carolina,1990,13.16,,,
South Carolina,1991,12.84,,,
South Carolina,1992,13.44,,,
South Carolina,1993,13.98,,,
South Carolina,1994,13.57,,,
South Carolina,1995,13.37,,,
South Carolina,1996,12.98,,,
South Carolina,1997,13.3,,,
South Carolina,1998,13.51,,,
South Carolina,1999,13.41,,,
South Carolina,2000,13.34,,,
South Carolina,2001,13.94,,,
South Carolina,2002,14.1,,,
South Carolina,2003,14.11,,,
South Carolina,2004,14.63,,,
South Carolina,2005,13.72,,,
South Carolina,2006,13.08,,,
South Carolina,2007,11.87,,,
South Carolina,2008,10.93,,,
South Carolina,2009,10.13,,,
South Carolina,2010,9.05,,,
South Carolina,2011,8.49,,,
South Carolina,2012,7.92,,,
South Carolina,2013,7.39,,,
South Carolina,2014,7.78,,,
South Carolina,2015,8.04,,,
South Carolina,2016,7.74,,,
South Carolina,2017,7.46,,,
South Carolina,2018,7.69,,,
South Carolina,2019,7.47,,,
South Carolina,2020,7.12,,,
South Carolina,2021,7.27,,,
South Dakota,1970,2.25,,,
South Dakota,1971,2.11,,,
South Dakota,1972,2.07,,,
South Dakota,1973,2.01,,,
South Dakota,1974,1.83,,,
South Dakota,1975,1.82,,,
South Dakota,1976,1.97,,,
South Dakota,1977,1.93,,,
South Dakota,1978,2.12,,,
South Dakota,1979,2.26,,,
South Dakota,1980,1.95,,,
South Dakota,1981,1.81,,,
South Dakota,1982,2.1,,,
South Dakota,1983,1.78,,,
South Dakota,1984,1.76,,,
South Dakota,1985,1.71,,,
South Dakota,1986,2.05,,,
South Dakota,1987,2.04,,,
South Dakota,1988,2.08,,,
South Dakota,1989,2.19,,,
South Dakota,1990,2.09,,,
South Dakota,1991,2,,,
South Dakota,1992,1.92,,,
South Dakota,1993,2.29,,,
South Dakota,1994,2.44,,,
South Dakota,1995,2.24,,,
South Dakota,1996,2.33,,,
South Dakota,1997,2.3,,,
South Dakota,1998,2.13,,,
South Dakota,1999,2.22,,,
South Dakota,2000,2.56,,,
South Dakota,2001,2.03,,,
South Dakota,2002,2.23,,,
South Dakota,2003,2.3,,,
South Dakota,2004,2.19,,,
South Dakota,2005,2.2,,,
South Dakota,2006,2.15,,,
South Dakota,2007,2.74,,,
South Dakota,2008,3.05,,,
South Dakota,2009,3.15,,,
South Dakota,2010,3.29,,,
South Dakota,2011,3.55,,,
South Dakota,2012,3.45,,,
South Dakota,2013,3.79,,,
South Dakota,2014,3.68,,,
South Dakota,2015,3.69,,,
South Dakota,2016,3.68,,,
South Dakota,2017,3.71,,,
South Dakota,2018,3.78,,,
South Dakota,2019,3.82,,,
South Dakota,2020,4.12,,,
South Dakota,2021,3.97,,,
Tennessee,1970,15.7,,,
Tennessee,1971,14.79,,,
Tennessee,1972,16.55,,,
Tennessee,1973,18.46,,,
Tennessee,1974,17.36,,,
Tennessee,1975,14.87,,,
Tennessee,1976,17.22,,,
Tennessee,1977,18.43,,,
Tennessee,1978,17.76,,,
Tennessee,1979,18.81,,,
Tennessee,1980,16.95,,,
Tennessee,1981,18.71,,,
Tennessee,1982,16.54,,,
Tennessee,1983,17.23,,,
Tennessee,1984,18.1,,,
Tennessee,1985,18.35,,,
Tennessee,1986,18.07,,,
Tennessee,1987,18.01,,,
Tennessee,1988,18.54,,,
Tennessee,1989,18.3,,,
Tennessee,1990,18.32,,,
Tennessee,1991,18.05,,,
Tennessee,1992,19.55,,,
Tennessee,1993,19.55,,,
Tennessee,1994,19.71,,,
Tennessee,1995,19.38,,,
Tennessee,1996,19.36,,,
Tennessee,1997,19.86,,,
Tennessee,1998,20.23,,,
Tennessee,1999,19.75,,,
Tennessee,2000,18.97,,,
Tennessee,2001,20.55,,,
Tennessee,2002,19.62,,,
Tennessee,2003,19.63,,,
Tennessee,2004,19.72,,,
Tennessee,2005,19.53,,,
Tennessee,2006,19.21,,,
Tennessee,2007,18.63,,,
Tennessee,2008,18,,,
Tennessee,2009,13.73,,,
Tennessee,2010,14.39,,,
Tennessee,2011,14.71,,,
Tennessee,2012,14.46,,,
Tennessee,2013,14.83,,,
Tennessee,2014,14.72,,,
Tennessee,2015,14.39,,,
Tennessee,2016,14.51,,,
Tennessee,2017,14.13,,,
Tennessee,2018,14.53,,,
Tennessee,2019,14.12,,,
Tennessee,2020,13.75,,,
Tennessee,2021,14.25,,,
Texas,1970,189.23,,,
Texas,1971,197.33,,,
Texas,1972,202.46,,,
Texas,1973,223.77,,,
Texas,1974,213.41,,,
Texas,1975,185.58,,,
Texas,1976,189.33,,,
Texas,1977,202.52,,,
Texas,1978,212.04,,,
Texas,1979,211.94,,,
Texas,1980,217.18,,,
Texas,1981,205.44,,,
Texas,1982,172.58,,,
Texas,1983,166.43,,,
Texas,1984,178.29,,,
Texas,1985,176.03,,,
Texas,1986,173.5,,,
Texas,1987,180.05,,,
Texas,1988,196.74,,,
Texas,1989,201.1,,,
Texas,1990,209.66,,,
Texas,1991,207.43,,,
Texas,1992,213.05,,,
Texas,1993,214.61,,,
Texas,1994,217.38,,,
Texas,1995,221.06,,,
Texas,1996,243.18,,,
Texas,1997,245.88,,,
Texas,1998,237.84,,,
Texas,1999,225.54,,,
Texas,2000,233.97,,,
Texas,2001,230.1,,,
Texas,2002,225.68,,,
Texas,2003,224.36,,,
Texas,2004,226.9,,,
Texas,2005,197.39,,,
Texas,2006,197.78,,,
Texas,2007,189.3,,,
Texas,2008,177.14,,,
Texas,2009,162.42,,,
Texas,2010,183.24,,,
Texas,2011,185.9,,,
Texas,2012,197.36,,,
Texas,2013,206.3,,,
Texas,2014,208,,,
Texas,2015,208.88,,,
Texas,2016,213.21,,,
Texas,2017,216.76,,,
Texas,2018,233.31,,,
Texas,2019,236.73,,,
Texas,2020,229.38,,,
Texas,2021,241.57,,,
Utah,1970,11.89,,,
Utah,1971,11.87,,,
Utah,1972,11.95,,,
Utah,1973,13.12,,,
Utah,1974,13.36,,,
Utah,1975,12.98,,,
Utah,1976,13.48,,,
Utah,1977,13.03,,,
Utah,1978,12.6,,,
Utah,1979,12.38,,,
Utah,1980,10.91,,,
Utah,1981,10.12,,,
Utah,1982,8.3,,,
Utah,1983,8.32,,,
Utah,1984,9.45,,,
Utah,1985,8.34,,,
Utah,1986,6.76,,,
Utah,1987,5.21,,,
Utah,1988,8.97,,,
Utah,1989,9.22,,,
Utah,1990,9.66,,,
Utah,1991,9.05,,,
Utah,1992,8.92,,,
Utah,1993,9.11,,,
Utah,1994,9.1,,,
Utah,1995,10.23,,,
Utah,1996,9.7,,,
Utah,1997,10.02,,,
Utah,1998,11.42,,,
Utah,1999,9.05,,,
Utah,2000,10.52,,,
Utah,2001,9.35,,,
Utah,2002,6.29,,,
Utah,2003,6.55,,,
Utah,2004,7.75,,,
Utah,2005,8.91,,,
Utah,2006,7.89,,,
Utah,2007,8.09,,,
Utah,2008,7.71,,,
Utah,2009,6.69,,,
Utah,2010,6.97,,,
Utah,2011,7.15,,,
Utah,2012,7.68,,,
Utah,2013,8.12,,,
Utah,2014,7.96,,,
Utah,2015,7.74,,,
Utah,2016,7.54,,,
Utah,2017,7.37,,,
Utah,2018,7.13,,,
Utah,2019,7.09,,,
Utah,2020,6.64,,,
Utah,2021,6.83,,,
Vermont,1970,0.55,,,
Vermont,1971,0.55,,,
Vermont,1972,0.58,,,
Vermont,1973,0.6,,,
Vermont,1974,0.47,,,
Vermont,1975,0.53,,,
Vermont,1976,0.68,,,
Vermont,1977,0.63,,,
Vermont,1978,0.62,,,
Vermont,1979,0.52,,,
Vermont,1980,0.47,,,
Vermont,1981,0.44,,,
Vermont,1982,0.48,,,
Vermont,1983,0.43,,,
Vermont,1984,0.47,,,
Vermont,1985,0.44,,,
Vermont,1986,0.58,,,
Vermont,1987,0.53,,,
Vermont,1988,0.56,,,
Vermont,1989,0.48,,,
Vermont,1990,0.44,,,
Vermont,1991,0.45,,,
Vermont,1992,0.53,,,
Vermont,1993,0.54,,,
Vermont,1994,0.42,,,
Vermont,1995,0.38,,,
Vermont,1996,0.41,,,
Vermont,1997,0.67,,,
Vermont,1998,0.46,,,
Vermont,1999,0.64,,,
Vermont,2000,0.57,,,
Vermont,2001,0.48,,,
Vermont,2002,0.47,,,
Vermont,2003,0.51,,,
Vermont,2004,0.6,,,
Vermont,2005,0.59,,,
Vermont,2006,0.58,,,
Vermont,2007,0.5,,,
Vermont,2008,0.5,,,
Vermont,2009,0.48,,,
Vermont,2010,0.5,,,
Vermont,2011,0.55,,,
Vermont,2012,0.49,,,
Vermont,2013,0.4,,,
Vermont,2014,0.43,,,
Vermont,2015,0.4,,,
Vermont,2016,0.41,,,
Vermont,2017,0.44,,,
Vermont,2018,0.44,,,
Vermont,2019,0.45,,,
Vermont,2020,0.47,,,
Vermont,2021,0.41,,,
Virginia,1970,16.92,,,
Virginia,1971,16.17,,,
Virginia,1972,16.29,,,
Virginia,1973,16.45,,,
Virginia,1974,14.96,,,
Virginia,1975,14.34,,,
Virginia,1976,13.32,,,
Virginia,1977,13.97,,,
Virginia,1978,13.16,,,
Virginia,1979,16.03,,,
Virginia,1980,16.27,,,
Virginia,1981,15.96,,,
Virginia,1982,15.06,,,
Virginia,1983,15.84,,,
Virginia,1984,17.96,,,
Virginia,1985,17.21,,,
Virginia,1986,17.5,,,
Virginia,1987,18.44,,,
Virginia,1988,18.8,,,
Virginia,1989,18.34,,,
Virginia,1990,19.32,,,
Virginia,1991,19.67,,,
Virginia,1992,18.55,,,
Virginia,1993,16.98,,,
Virginia,1994,17.27,,,
Virginia,1995,17.31,,,
Virginia,1996,17.19,,,
Virginia,1997,17.53,,,
Virginia,1998,17.24,,,
Virginia,1999,16.83,,,
Virginia,2000,16.93,,,
Virginia,2001,16.52,,,
Virginia,2002,16.24,,,
Virginia,2003,17.32,,,
Virginia,2004,17.65,,,
Virginia,2005,17.71,,,
Virginia,2006,16.7,,,
Virginia,2007,16.98,,,
Virginia,2008,16.35,,,
Virginia,2009,12.65,,,
Virginia,2010,12.92,,,
Virginia,2011,12.51,,,
Virginia,2012,12.65,,,
Virginia,2013,12.63,,,
Virginia,2014,12.25,,,
Virginia,2015,11.31,,,
Virginia,2016,11.24,,,
Virginia,2017,11.23,,,
Virginia,2018,11.31,,,
Virginia,2019,11.56,,,
Virginia,2020,10.77,,,
Virginia,2021,11.59,,,
Washington,1970,16.53,,,
Washington,1971,17.16,,,
Washington,1972,19.68,,,
Washington,1973,20.01,,,
Washington,1974,17.93,,,
Washington,1975,16.73,,,
Washington,1976,15.52,,,
Washington,1977,17.58,,,
Washington,1978,16.43,,,
Washington,1979,15.09,,,
Washington,1980,14.17,,,
Washington,1981,16.3,,,
Washington,1982,15.02,,,
Washington,1983,11.28,,,
Washington,1984,14.86,,,
Washington,1985,13.82,,,
Washington,1986,14.5,,,
Washington,1987,16.26,,,
Washington,1988,17.15,,,
Washington,1989,16.21,,,
Washington,1990,16.51,,,
Washington,1991,15.47,,,
Washington,1992,17.87,,,
Washington,1993,15.66,,,
Washington,1994,17.97,,,
Washington,1995,17.4,,,
Washington,1996,18.43,,,
Washington,1997,16.66,,,
Washington,1998,21.59,,,
Washington,1999,22.24,,,
Washington,2000,16.54,,,
Washington,2001,12.88,,,
Washington,2002,11.46,,,
Washington,2003,11.44,,,
Washington,2004,12.19,,,
Washington,2005,13.2,,,
Washington,2006,14.16,,,
Washington,2007,14.04,,,
Washington,2008,14.65,,,
Washington,2009,13.38,,,
Washington,2010,12.8,,,
Washington,2011,12.41,,,
Washington,2012,13.07,,,
Washington,2013,12.46,,,
Washington,2014,12.3,,,
Washington,2015,13.46,,,
Washington,2016,13.2,,,
Washington,2017,12.68,,,
Washington,2018,12.93,,,
Washington,2019,13.05,,,
Washington,2020,12.29,,,
Washington,2021,11.64,,,
West Virginia,1970,30.97,,,
West Virginia,1971,28.49,,,
West Virginia,1972,29.87,,,
West Virginia,1973,30,,,
West Virginia,1974,28.9,,,
West Virginia,1975,25.56,,,
West Virginia,1976,27.54,,,
West Virginia,1977,25.1,,,
West Virginia,1978,22.76,,,
West Virginia,1979,22.04,,,
West Virginia,1980,20.99,,,
West Virginia,1981,19.03,,,
West Virginia,1982,16.68,,,
West Virginia,1983,14.19,,,
West Virginia,1984,16.88,,,
West Virginia,1985,13.02,,,
West Virginia,1986,14.69,,,
West Virginia,1987,15.07,,,
West Virginia,1988,16.42,,,
West Virginia,1989,17.37,,,
West Virginia,1990,17.66,,,
West Virginia,1991,15.46,,,
West Virginia,1992,14.72,,,
West Virginia,1993,15.33,,,
West Virginia,1994,16.17,,,
West Virginia,1995,14.89,,,
West Virginia,1996,13.52,,,
West Virginia,1997,11.9,,,
West Virginia,1998,14.75,,,
West Virginia,1999,13.26,,,
West Virginia,2000,13.28,,,
West Virginia,2001,13.28,,,
West Virginia,2002,14.74,,,
West Virginia,2003,12.5,,,
West Virginia,2004,13.24,,,
West Virginia,2005,12.11,,,
West Virginia,2006,12.32,,,
West Virginia,2007,13.46,,,
West Virginia,2008,13.06,,,
West Virginia,2009,9.04,,,
West Virginia,2010,10.55,,,
West Virginia,2011,10.68,,,
West Virginia,2012,9.96,,,
West Virginia,2013,10.23,,,
West Virginia,2014,11.05,,,
West Virginia,2015,10.29,,,
West Virginia,2016,9.37,,,
West Virginia,2017,10.12,,,
West Virginia,2018,11.24,,,
West Virginia,2019,11.88,,,
West Virginia,2020,12.04,,,
West Virginia,2021,13.24,,,
Wisconsin,1970,24.78,,,
Wisconsin,1971,22.4,,,
Wisconsin,1972,20.75,,,
Wisconsin,1973,21.17,,,
Wisconsin,1974,19.41,,,
Wisconsin,1975,18.43,,,
Wisconsin,1976,18.03,,,
Wisconsin,1977,19.88,,,
Wisconsin,1978,18.79,,,
Wisconsin,1979,18.04,,,
Wisconsin,1980,15.54,,,
Wisconsin,1981,14.74,,,
Wisconsin,1982,14.59,,,
Wisconsin,1983,13.59,,,
Wisconsin,1984,13.5,,,
Wisconsin,1985,13.24,,,
Wisconsin,1986,13.26,,,
Wisconsin,1987,13.19,,,
Wisconsin,1988,13.71,,,
Wisconsin,1989,14,,,
Wisconsin,1990,14.07,,,
Wisconsin,1991,14.28,,,
Wisconsin,1992,14.24,,,
Wisconsin,1993,15.03,,,
Wisconsin,1994,15.5,,,
Wisconsin,1995,15.56,,,
Wisconsin,1996,15.56,,,
Wisconsin,1997,15.99,,,
Wisconsin,1998,14.84,,,
Wisconsin,1999,16.45,,,
Wisconsin,2000,17.31,,,
Wisconsin,2001,16.76,,,
Wisconsin,2002,17.03,,,
Wisconsin,2003,15.14,,,
Wisconsin,2004,15.92,,,
Wisconsin,2005,15.45,,,
Wisconsin,2006,14.76,,,
Wisconsin,2007,14.87,,,
Wisconsin,2008,14.34,,,
Wisconsin,2009,12.53,,,
Wisconsin,2010,12.62,,,
Wisconsin,2011,12.94,,,
Wisconsin,2012,12.54,,,
Wisconsin,2013,13.59,,,
Wisconsin,2014,14.01,,,
Wisconsin,2015,13.23,,,
Wisconsin,2016,12.56,,,
Wisconsin,2017,13.29,,,
Wisconsin,2018,13.71,,,
Wisconsin,2019,13.34,,,
Wisconsin,2020,12.21,,,
Wisconsin,2021,11.88,,,
Wyoming,1970,6.61,,,
Wyoming,1971,6.83,,,
Wyoming,1972,7.42,,,
Wyoming,1973,7.74,,,
Wyoming,1974,7.74,,,
Wyoming,1975,8.04,,,
Wyoming,1976,9.19,,,
Wyoming,1977,10.23,,,
Wyoming,1978,10.5,,,
Wyoming,1979,11.66,,,
Wyoming,1980,10.73,,,
Wyoming,1981,10.21,,,
Wyoming,1982,9.83,,,
Wyoming,1983,8.55,,,
Wyoming,1984,8.62,,,
Wyoming,1985,8.47,,,
Wyoming,1986,7.93,,,
Wyoming,1987,8.59,,,
Wyoming,1988,8.45,,,
Wyoming,1989,8.86,,,
Wyoming,1990,10.18,,,
Wyoming,1991,9.72,,,
Wyoming,1992,11.7,,,
Wyoming,1993,10.1,,,
Wyoming,1994,10.41,,,
Wyoming,1995,9.82,,,
Wyoming,1996,10,,,
Wyoming,1997,10.17,,,
Wyoming,1998,10.4,,,
Wyoming,1999,9.77,,,
Wyoming,2000,9.6,,,
Wyoming,2001,9.74,,,
Wyoming,2002,9.95,,,
Wyoming,2003,10.03,,,
Wyoming,2004,9.87,,,
Wyoming,2005,9.83,,,
Wyoming,2006,10.74,,,
Wyoming,2007,12.24,,,
Wyoming,2008,12.36,,,
Wyoming,2009,11.61,,,
Wyoming,2010,12.15,,,
Wyoming,2011,13.14,,,
Wyoming,2012,12.99,,,
Wyoming,2013,12.43,,,
Wyoming,2014,12.14,,,
Wyoming,2015,10.75,,,
Wyoming,2016,10.89,,,
Wyoming,2017,12.28,,,
Wyoming,2018,13.33,,,
Wyoming,2019,12.65,,,
Wyoming,2020,11.23,,,
Wyoming,2021,11.16,,,